Item Name,Qty,Price (total) (GBP),Item link,Notes
SK9612 MINI-E RGB LEDs,168,$14.25,https://www.amazon.co.uk/Lafeier-Similar-WS2812B-Individually-Addressable-white/dp/B0G26QKNB5,
XIAO ESP32 S3,1,$7.30,https://thepihut.com/products/seeed-studio-xiao-esp32s3?srsltid=AU7gw4Uj9qPf-GpTSwbtFh4Zg1t9qUaBIsbO8JMxGGQG6yNyOBGQrrTV&variant=54127217017217,
LiPo battery,1,$9.99,https://www.amazon.co.uk/EEMB-2000mAh-103454-Rechargeable-Connector/dp/B08214DJLJ?source=ps-sl-shoppingads-lpcontext&ref_=fplfs&psc=1&smid=ASLRAS85RTYN3,
JST connectors and sockets,1,$5.99,https://www.amazon.co.uk/GTIWUNG-Micro-2-Pin-Connector-Female/dp/B07NY8CQRV/ref=sr_1_28?dib=eyJ2IjoiMSJ9.yyOrE_JpPsGNmPmpaya6VK7IZ21jRbyqMVWQUkG7H0fzAssZvUaAiAJXgP-qBW7hgQK5NZNDGd3h3kbPLS7pgHPhavzSKY21APikXU7Oj6KbQhS56O_lVQjNMa6i7aFPl8HA6fudV2YL5DA6t2l3ygH4gOX_FWOmOI6DKUZMrztDFK_pAoiFAeOgCfOUAy6ihlIOO146i1WNNe_uGk4TnO6fWB7R0vUCJ4Jme93TI8Tvv0GO6jjhwGCmk6Zv3UiB5FzC_iN_4GgPcqVuHwGOMhgy2I6ReDfuxyKGNgbBXuo.A-mzcBVY_b8wqnA9hkKLVM6NtI6xdlNk16AN0bTdNKg&dib_tag=se&keywords=jst%2Bconnector%2B2%2Bpin&qid=1791073430&sr=8-28&th=1,
500g filament,1,$9.99,https://uk.store.sunlu.com/products/over-3kg-of-pla-pla-plus-3d-filaments-1kg-2-2lbs-fit-most-of-fdm-printer,
Laser-cut Acrylic manufacturing,168,$50.00,NA,
PCB manufacturing,5,$150.00,"its a 8 layer board (IT NEEDS TO BE 8 LAYERS, PHYSICALLY IMPOSSIBE TO DO 6 LAYERS OR LOWER) and its bigger than 100x100mm",
,,,,
,,,,
,,,,
,,,,
,,,,
,,,,
,,,,
,,,,
,,,,
,,,,
,,,,
,,,,
Total Price (GBP):,$247.52,,,